task_path,img_name,add_time,operator
D:/Work/研究项目/公共数据库/青光眼CD比/标注照片/450,"D:/Work/研究项目/公共数据库/青光眼CD比/标注照片/450,41215_LL.jpg",2018-06-16 09:56:51,admin
D:/Work/研究项目/公共数据库/青光眼CD比/标注照片/450,"D:/Work/研究项目/公共数据库/青光眼CD比/标注照片/450,4451_R.jpg",2018-06-16 09:56:51,admin
D:/Work/研究项目/公共数据库/青光眼CD比/标注照片/450,"D:/Work/研究项目/公共数据库/青光眼CD比/标注照片/450,48388_L.jpg",2018-06-16 09:56:51,admin
D:/Work/研究项目/公共数据库/青光眼CD比/标注照片/450,"D:/Work/研究项目/公共数据库/青光眼CD比/标注照片/450,46803_R.jpg",2018-06-16 09:56:51,admin
D:/Work/研究项目/公共数据库/青光眼CD比/标注照片/450,"D:/Work/研究项目/公共数据库/青光眼CD比/标注照片/450,14762_R.jpg",2018-06-16 09:56:51,admin
D:/Work/研究项目/公共数据库/青光眼CD比/标注照片/450,"D:/Work/研究项目/公共数据库/青光眼CD比/标注照片/450,4368_R.jpg",2018-06-16 09:56:51,admin
D:/Work/研究项目/公共数据库/青光眼CD比/标注照片/450,"D:/Work/研究项目/公共数据库/青光眼CD比/标注照片/450,4298_LL.jpg",2018-06-16 09:56:51,admin
D:/Work/研究项目/公共数据库/青光眼CD比/标注照片/450,"D:/Work/研究项目/公共数据库/青光眼CD比/标注照片/450,9789_R.jpg",2018-06-16 09:56:51,admin
D:/Work/研究项目/公共数据库/青光眼CD比/标注照片/450,"D:/Work/研究项目/公共数据库/青光眼CD比/标注照片/450,45494_L.jpg",2018-06-16 09:56:51,admin
D:/Work/研究项目/公共数据库/青光眼CD比/标注照片/450,"D:/Work/研究项目/公共数据库/青光眼CD比/标注照片/450,3013_L.jpg",2018-06-16 09:56:51,admin
D:/Work/研究项目/公共数据库/青光眼CD比/标注照片/450,"D:/Work/研究项目/公共数据库/青光眼CD比/标注照片/450,19279_R.jpg",2018-06-16 09:56:51,admin
D:/Work/研究项目/公共数据库/青光眼CD比/标注照片/450,"D:/Work/研究项目/公共数据库/青光眼CD比/标注照片/450,8979_L.jpg",2018-06-16 09:56:51,admin
D:/Work/研究项目/公共数据库/青光眼CD比/标注照片/450,"D:/Work/研究项目/公共数据库/青光眼CD比/标注照片/450,36889_R.jpg",2018-06-16 09:56:51,admin
D:/Work/研究项目/公共数据库/青光眼CD比/标注照片/450,"D:/Work/研究项目/公共数据库/青光眼CD比/标注照片/450,47144_R.jpg",2018-06-16 09:56:51,admin
D:/Work/研究项目/公共数据库/青光眼CD比/标注照片/450,"D:/Work/研究项目/公共数据库/青光眼CD比/标注照片/450,6608_LL.jpg",2018-06-16 09:56:51,admin
D:/Work/研究项目/公共数据库/青光眼CD比/标注照片/450,"D:/Work/研究项目/公共数据库/青光眼CD比/标注照片/450,790_R.jpg",2018-06-16 09:56:51,admin
D:/Work/研究项目/公共数据库/青光眼CD比/标注照片/450,"D:/Work/研究项目/公共数据库/青光眼CD比/标注照片/450,2629_RR.jpg",2018-06-16 09:56:51,admin
D:/Work/研究项目/公共数据库/青光眼CD比/标注照片/450,"D:/Work/研究项目/公共数据库/青光眼CD比/标注照片/450,16692_R.jpg",2018-06-16 09:56:51,admin
D:/Work/研究项目/公共数据库/青光眼CD比/标注照片/450,"D:/Work/研究项目/公共数据库/青光眼CD比/标注照片/450,267_L.jpg",2018-06-16 09:56:51,admin
D:/Work/研究项目/公共数据库/青光眼CD比/标注照片/450,"D:/Work/研究项目/公共数据库/青光眼CD比/标注照片/450,33069_L.jpg",2018-06-16 09:56:51,admin
D:/Work/研究项目/公共数据库/青光眼CD比/标注照片/450,"D:/Work/研究项目/公共数据库/青光眼CD比/标注照片/450,2150_R.jpg",2018-06-16 09:56:51,admin
D:/Work/研究项目/公共数据库/青光眼CD比/标注照片/450,"D:/Work/研究项目/公共数据库/青光眼CD比/标注照片/450,14212_R.jpg",2018-06-16 09:56:51,admin
D:/Work/研究项目/公共数据库/青光眼CD比/标注照片/450,"D:/Work/研究项目/公共数据库/青光眼CD比/标注照片/450,17593_LL.jpg",2018-06-16 09:56:51,admin
D:/Work/研究项目/公共数据库/青光眼CD比/标注照片/450,"D:/Work/研究项目/公共数据库/青光眼CD比/标注照片/450,40304_RR.jpg",2018-06-16 09:56:51,admin
D:/Work/研究项目/公共数据库/青光眼CD比/标注照片/450,"D:/Work/研究项目/公共数据库/青光眼CD比/标注照片/450,52268_RR.jpg",2018-06-16 09:56:51,admin
D:/Work/研究项目/公共数据库/青光眼CD比/标注照片/450,"D:/Work/研究项目/公共数据库/青光眼CD比/标注照片/450,10051_RR.jpg",2018-06-16 09:56:51,admin
D:/Work/研究项目/公共数据库/青光眼CD比/标注照片/450,"D:/Work/研究项目/公共数据库/青光眼CD比/标注照片/450,671_L.jpg",2018-06-16 09:56:51,admin
D:/Work/研究项目/公共数据库/青光眼CD比/标注照片/450,"D:/Work/研究项目/公共数据库/青光眼CD比/标注照片/450,6006_RR.jpg",2018-06-16 09:56:51,admin
D:/Work/研究项目/公共数据库/青光眼CD比/标注照片/450,"D:/Work/研究项目/公共数据库/青光眼CD比/标注照片/450,8968_L.jpg",2018-06-16 09:56:51,admin
D:/Work/研究项目/公共数据库/青光眼CD比/标注照片/450,"D:/Work/研究项目/公共数据库/青光眼CD比/标注照片/450,2616_LL.jpg",2018-06-16 09:56:51,admin
D:/Work/研究项目/公共数据库/青光眼CD比/标注照片/450,"D:/Work/研究项目/公共数据库/青光眼CD比/标注照片/450,23800_RR.jpg",2018-06-16 09:56:51,admin
D:/Work/研究项目/公共数据库/青光眼CD比/标注照片/450,"D:/Work/研究项目/公共数据库/青光眼CD比/标注照片/450,53740_R.jpg",2018-06-16 09:56:51,admin
D:/Work/研究项目/公共数据库/青光眼CD比/标注照片/450,"D:/Work/研究项目/公共数据库/青光眼CD比/标注照片/450,9789_L.jpg",2018-06-16 09:56:51,admin
D:/Work/研究项目/公共数据库/青光眼CD比/标注照片/450,"D:/Work/研究项目/公共数据库/青光眼CD比/标注照片/450,1311_LL.jpg",2018-06-16 09:56:51,admin
D:/Work/研究项目/公共数据库/青光眼CD比/标注照片/450,"D:/Work/研究项目/公共数据库/青光眼CD比/标注照片/450,3738_LL.jpg",2018-06-16 09:56:51,admin
D:/Work/研究项目/公共数据库/青光眼CD比/标注照片/450,"D:/Work/研究项目/公共数据库/青光眼CD比/标注照片/450,48317_LL.jpg",2018-06-16 09:56:51,admin
D:/Work/研究项目/公共数据库/青光眼CD比/标注照片/450,"D:/Work/研究项目/公共数据库/青光眼CD比/标注照片/450,5511_LLL.jpg",2018-06-16 09:56:51,admin
D:/Work/研究项目/公共数据库/青光眼CD比/标注照片/450,"D:/Work/研究项目/公共数据库/青光眼CD比/标注照片/450,14126_R.jpg",2018-06-16 09:56:51,admin
D:/Work/研究项目/公共数据库/青光眼CD比/标注照片/450,"D:/Work/研究项目/公共数据库/青光眼CD比/标注照片/450,17899_RR.jpg",2018-06-16 09:56:51,admin
D:/Work/研究项目/公共数据库/青光眼CD比/标注照片/450,"D:/Work/研究项目/公共数据库/青光眼CD比/标注照片/450,3651_L.jpg",2018-06-16 09:56:51,admin
D:/Work/研究项目/公共数据库/青光眼CD比/标注照片/450,"D:/Work/研究项目/公共数据库/青光眼CD比/标注照片/450,17887_LL.jpg",2018-06-16 09:56:51,admin
D:/Work/研究项目/公共数据库/青光眼CD比/标注照片/450,"D:/Work/研究项目/公共数据库/青光眼CD比/标注照片/450,45456_R.jpg",2018-06-16 09:56:51,admin
D:/Work/研究项目/公共数据库/青光眼CD比/标注照片/450,"D:/Work/研究项目/公共数据库/青光眼CD比/标注照片/450,26847_L.jpg",2018-06-16 09:56:51,admin
D:/Work/研究项目/公共数据库/青光眼CD比/标注照片/450,"D:/Work/研究项目/公共数据库/青光眼CD比/标注照片/450,3516_L.jpg",2018-06-16 09:56:51,admin
D:/Work/研究项目/公共数据库/青光眼CD比/标注照片/450,"D:/Work/研究项目/公共数据库/青光眼CD比/标注照片/450,2956_L.jpg",2018-06-16 09:56:51,admin
D:/Work/研究项目/公共数据库/青光眼CD比/标注照片/450,"D:/Work/研究项目/公共数据库/青光眼CD比/标注照片/450,5084_RR.jpg",2018-06-16 09:56:51,admin
D:/Work/研究项目/公共数据库/青光眼CD比/标注照片/450,"D:/Work/研究项目/公共数据库/青光眼CD比/标注照片/450,2047_L.jpg",2018-06-16 09:56:51,admin
D:/Work/研究项目/公共数据库/青光眼CD比/标注照片/450,"D:/Work/研究项目/公共数据库/青光眼CD比/标注照片/450,4420_R.jpg",2018-06-16 09:56:51,admin
D:/Work/研究项目/公共数据库/青光眼CD比/标注照片/450,"D:/Work/研究项目/公共数据库/青光眼CD比/标注照片/450,14575_R.jpg",2018-06-16 09:56:51,admin
D:/Work/研究项目/公共数据库/青光眼CD比/标注照片/450,"D:/Work/研究项目/公共数据库/青光眼CD比/标注照片/450,6793_L.jpg",2018-06-16 09:56:51,admin
D:/Work/研究项目/公共数据库/青光眼CD比/标注照片/450,"D:/Work/研究项目/公共数据库/青光眼CD比/标注照片/450,1716_L.jpg",2018-06-16 09:56:51,admin
D:/Work/研究项目/公共数据库/青光眼CD比/标注照片/450,"D:/Work/研究项目/公共数据库/青光眼CD比/标注照片/450,13869_LL.jpg",2018-06-16 09:56:51,admin
D:/Work/研究项目/公共数据库/青光眼CD比/标注照片/450,"D:/Work/研究项目/公共数据库/青光眼CD比/标注照片/450,11891_R.jpg",2018-06-16 09:56:51,admin
D:/Work/研究项目/公共数据库/青光眼CD比/标注照片/450,"D:/Work/研究项目/公共数据库/青光眼CD比/标注照片/450,3301_L.jpg",2018-06-16 09:56:51,admin
D:/Work/研究项目/公共数据库/青光眼CD比/标注照片/450,"D:/Work/研究项目/公共数据库/青光眼CD比/标注照片/450,9011_RR.jpg",2018-06-16 09:56:51,admin
D:/Work/研究项目/公共数据库/青光眼CD比/标注照片/450,"D:/Work/研究项目/公共数据库/青光眼CD比/标注照片/450,41215_R.jpg",2018-06-16 09:56:51,admin
D:/Work/研究项目/公共数据库/青光眼CD比/标注照片/450,"D:/Work/研究项目/公共数据库/青光眼CD比/标注照片/450,3571_RR.jpg",2018-06-16 09:56:51,admin
D:/Work/研究项目/公共数据库/青光眼CD比/标注照片/450,"D:/Work/研究项目/公共数据库/青光眼CD比/标注照片/450,2822_R.jpg",2018-06-16 09:56:51,admin
D:/Work/研究项目/公共数据库/青光眼CD比/标注照片/450,"D:/Work/研究项目/公共数据库/青光眼CD比/标注照片/450,3006_LL.jpg",2018-06-16 09:56:51,admin
D:/Work/研究项目/公共数据库/青光眼CD比/标注照片/450,"D:/Work/研究项目/公共数据库/青光眼CD比/标注照片/450,16737_R.jpg",2018-06-16 09:56:51,admin
D:/Work/研究项目/公共数据库/青光眼CD比/标注照片/450,"D:/Work/研究项目/公共数据库/青光眼CD比/标注照片/450,48609_RR.jpg",2018-06-16 09:56:51,admin
D:/Work/研究项目/公共数据库/青光眼CD比/标注照片/450,"D:/Work/研究项目/公共数据库/青光眼CD比/标注照片/450,19562_L.jpg",2018-06-16 09:56:51,admin
D:/Work/研究项目/公共数据库/青光眼CD比/标注照片/450,"D:/Work/研究项目/公共数据库/青光眼CD比/标注照片/450,30940_R.jpg",2018-06-16 09:56:51,admin
D:/Work/研究项目/公共数据库/青光眼CD比/标注照片/450,"D:/Work/研究项目/公共数据库/青光眼CD比/标注照片/450,6184_R.jpg",2018-06-16 09:56:51,admin
D:/Work/研究项目/公共数据库/青光眼CD比/标注照片/450,"D:/Work/研究项目/公共数据库/青光眼CD比/标注照片/450,21199_LL.jpg",2018-06-16 09:56:51,admin
D:/Work/研究项目/公共数据库/青光眼CD比/标注照片/450,"D:/Work/研究项目/公共数据库/青光眼CD比/标注照片/450,6358_R.jpg",2018-06-16 09:56:51,admin
D:/Work/研究项目/公共数据库/青光眼CD比/标注照片/450,"D:/Work/研究项目/公共数据库/青光眼CD比/标注照片/450,47433_R.jpg",2018-06-16 09:56:51,admin
D:/Work/研究项目/公共数据库/青光眼CD比/标注照片/450,"D:/Work/研究项目/公共数据库/青光眼CD比/标注照片/450,10413_LL.jpg",2018-06-16 09:56:51,admin
D:/Work/研究项目/公共数据库/青光眼CD比/标注照片/450,"D:/Work/研究项目/公共数据库/青光眼CD比/标注照片/450,2586_R.jpg",2018-06-16 09:56:51,admin
D:/Work/研究项目/公共数据库/青光眼CD比/标注照片/450,"D:/Work/研究项目/公共数据库/青光眼CD比/标注照片/450,15285_LL.jpg",2018-06-16 09:56:51,admin
D:/Work/研究项目/公共数据库/青光眼CD比/标注照片/450,"D:/Work/研究项目/公共数据库/青光眼CD比/标注照片/450,3001_R.jpg",2018-06-16 09:56:51,admin
D:/Work/研究项目/公共数据库/青光眼CD比/标注照片/450,"D:/Work/研究项目/公共数据库/青光眼CD比/标注照片/450,8198_L.jpg",2018-06-16 09:56:51,admin
D:/Work/研究项目/公共数据库/青光眼CD比/标注照片/450,"D:/Work/研究项目/公共数据库/青光眼CD比/标注照片/450,43138_L.jpg",2018-06-16 09:56:51,admin
D:/Work/研究项目/公共数据库/青光眼CD比/标注照片/450,"D:/Work/研究项目/公共数据库/青光眼CD比/标注照片/450,1126_R.jpg",2018-06-16 09:56:51,admin
D:/Work/研究项目/公共数据库/青光眼CD比/标注照片/450,"D:/Work/研究项目/公共数据库/青光眼CD比/标注照片/450,7169_L.jpg",2018-06-16 09:56:51,admin
D:/Work/研究项目/公共数据库/青光眼CD比/标注照片/450,"D:/Work/研究项目/公共数据库/青光眼CD比/标注照片/450,759_L.jpg",2018-06-16 09:56:51,admin
D:/Work/研究项目/公共数据库/青光眼CD比/标注照片/450,"D:/Work/研究项目/公共数据库/青光眼CD比/标注照片/450,39651_R.jpg",2018-06-16 09:56:51,admin
D:/Work/研究项目/公共数据库/青光眼CD比/标注照片/450,"D:/Work/研究项目/公共数据库/青光眼CD比/标注照片/450,5791_RR.jpg",2018-06-16 09:56:51,admin
D:/Work/研究项目/公共数据库/青光眼CD比/标注照片/450,"D:/Work/研究项目/公共数据库/青光眼CD比/标注照片/450,45456_L.jpg",2018-06-16 09:56:51,admin
D:/Work/研究项目/公共数据库/青光眼CD比/标注照片/450,"D:/Work/研究项目/公共数据库/青光眼CD比/标注照片/450,1025_L.jpg",2018-06-16 09:56:51,admin
D:/Work/研究项目/公共数据库/青光眼CD比/标注照片/450,"D:/Work/研究项目/公共数据库/青光眼CD比/标注照片/450,2586_L.jpg",2018-06-16 09:56:51,admin
D:/Work/研究项目/公共数据库/青光眼CD比/标注照片/450,"D:/Work/研究项目/公共数据库/青光眼CD比/标注照片/450,1206_RR.jpg",2018-06-16 09:56:51,admin
D:/Work/研究项目/公共数据库/青光眼CD比/标注照片/450,"D:/Work/研究项目/公共数据库/青光眼CD比/标注照片/450,40304_L.jpg",2018-06-16 09:56:51,admin
D:/Work/研究项目/公共数据库/青光眼CD比/标注照片/450,"D:/Work/研究项目/公共数据库/青光眼CD比/标注照片/450,2610_R.jpg",2018-06-16 09:56:51,admin
D:/Work/研究项目/公共数据库/青光眼CD比/标注照片/450,"D:/Work/研究项目/公共数据库/青光眼CD比/标注照片/450,6651_RR.jpg",2018-06-16 09:56:51,admin
D:/Work/研究项目/公共数据库/青光眼CD比/标注照片/450,"D:/Work/研究项目/公共数据库/青光眼CD比/标注照片/450,3241_L.jpg",2018-06-16 09:56:51,admin
D:/Work/研究项目/公共数据库/青光眼CD比/标注照片/450,"D:/Work/研究项目/公共数据库/青光眼CD比/标注照片/450,13021_L.jpg",2018-06-16 09:56:51,admin
D:/Work/研究项目/公共数据库/青光眼CD比/标注照片/450,"D:/Work/研究项目/公共数据库/青光眼CD比/标注照片/450,48609_LL.jpg",2018-06-16 09:56:51,admin
D:/Work/研究项目/公共数据库/青光眼CD比/标注照片/450,"D:/Work/研究项目/公共数据库/青光眼CD比/标注照片/450,4479_R.jpg",2018-06-16 09:56:51,admin
D:/Work/研究项目/公共数据库/青光眼CD比/标注照片/450,"D:/Work/研究项目/公共数据库/青光眼CD比/标注照片/450,24669_LL.jpg",2018-06-16 09:56:51,admin
D:/Work/研究项目/公共数据库/青光眼CD比/标注照片/450,"D:/Work/研究项目/公共数据库/青光眼CD比/标注照片/450,13368_L.jpg",2018-06-16 09:56:51,admin
D:/Work/研究项目/公共数据库/青光眼CD比/标注照片/450,"D:/Work/研究项目/公共数据库/青光眼CD比/标注照片/450,31523_LL.jpg",2018-06-16 09:56:51,admin
D:/Work/研究项目/公共数据库/青光眼CD比/标注照片/450,"D:/Work/研究项目/公共数据库/青光眼CD比/标注照片/450,24163_LL.jpg",2018-06-16 09:56:51,admin
D:/Work/研究项目/公共数据库/青光眼CD比/标注照片/450,"D:/Work/研究项目/公共数据库/青光眼CD比/标注照片/450,34521_RR.jpg",2018-06-16 09:56:51,admin
D:/Work/研究项目/公共数据库/青光眼CD比/标注照片/450,"D:/Work/研究项目/公共数据库/青光眼CD比/标注照片/450,4532_L.jpg",2018-06-16 09:56:51,admin
D:/Work/研究项目/公共数据库/青光眼CD比/标注照片/450,"D:/Work/研究项目/公共数据库/青光眼CD比/标注照片/450,4297_LL.jpg",2018-06-16 09:56:51,admin
D:/Work/研究项目/公共数据库/青光眼CD比/标注照片/450,"D:/Work/研究项目/公共数据库/青光眼CD比/标注照片/450,58899_L.jpg",2018-06-16 09:56:51,admin
D:/Work/研究项目/公共数据库/青光眼CD比/标注照片/450,"D:/Work/研究项目/公共数据库/青光眼CD比/标注照片/450,46844_R.jpg",2018-06-16 09:56:51,admin
D:/Work/研究项目/公共数据库/青光眼CD比/标注照片/450,"D:/Work/研究项目/公共数据库/青光眼CD比/标注照片/450,3588_R.jpg",2018-06-16 09:56:51,admin
D:/Work/研究项目/公共数据库/青光眼CD比/标注照片/450,"D:/Work/研究项目/公共数据库/青光眼CD比/标注照片/450,547_R.jpg",2018-06-16 09:56:51,admin
D:/Work/研究项目/公共数据库/青光眼CD比/标注照片/450,"D:/Work/研究项目/公共数据库/青光眼CD比/标注照片/450,9207_L.jpg",2018-06-16 09:56:51,admin
D:/Work/研究项目/公共数据库/青光眼CD比/标注照片/450,"D:/Work/研究项目/公共数据库/青光眼CD比/标注照片/450,45167_LL.jpg",2018-06-16 09:56:51,admin
D:/Work/研究项目/公共数据库/青光眼CD比/标注照片/450,"D:/Work/研究项目/公共数据库/青光眼CD比/标注照片/450,3013_R.jpg",2018-06-16 09:56:51,admin
D:/Work/研究项目/公共数据库/青光眼CD比/标注照片/450,"D:/Work/研究项目/公共数据库/青光眼CD比/标注照片/450,48440_LL.jpg",2018-06-16 09:56:51,admin
D:/Work/研究项目/公共数据库/青光眼CD比/标注照片/450,"D:/Work/研究项目/公共数据库/青光眼CD比/标注照片/450,22343_R.jpg",2018-06-16 09:56:51,admin
D:/Work/研究项目/公共数据库/青光眼CD比/标注照片/450,"D:/Work/研究项目/公共数据库/青光眼CD比/标注照片/450,10460_LL.jpg",2018-06-16 09:56:51,admin
D:/Work/研究项目/公共数据库/青光眼CD比/标注照片/450,"D:/Work/研究项目/公共数据库/青光眼CD比/标注照片/450,16737_L.jpg",2018-06-16 09:56:51,admin
D:/Work/研究项目/公共数据库/青光眼CD比/标注照片/450,"D:/Work/研究项目/公共数据库/青光眼CD比/标注照片/450,48171_RR.jpg",2018-06-16 09:56:51,admin
D:/Work/研究项目/公共数据库/青光眼CD比/标注照片/450,"D:/Work/研究项目/公共数据库/青光眼CD比/标注照片/450,509_L.jpg",2018-06-16 09:56:51,admin
D:/Work/研究项目/公共数据库/青光眼CD比/标注照片/450,"D:/Work/研究项目/公共数据库/青光眼CD比/标注照片/450,20070_RR.jpg",2018-06-16 09:56:51,admin
D:/Work/研究项目/公共数据库/青光眼CD比/标注照片/450,"D:/Work/研究项目/公共数据库/青光眼CD比/标注照片/450,28775_LL.jpg",2018-06-16 09:56:51,admin
D:/Work/研究项目/公共数据库/青光眼CD比/标注照片/450,"D:/Work/研究项目/公共数据库/青光眼CD比/标注照片/450,3106_R.jpg",2018-06-16 09:56:51,admin
D:/Work/研究项目/公共数据库/青光眼CD比/标注照片/450,"D:/Work/研究项目/公共数据库/青光眼CD比/标注照片/450,2116_R.jpg",2018-06-16 09:56:51,admin
D:/Work/研究项目/公共数据库/青光眼CD比/标注照片/450,"D:/Work/研究项目/公共数据库/青光眼CD比/标注照片/450,7168_L.jpg",2018-06-16 09:56:51,admin
D:/Work/研究项目/公共数据库/青光眼CD比/标注照片/450,"D:/Work/研究项目/公共数据库/青光眼CD比/标注照片/450,3588_LL.jpg",2018-06-16 09:56:51,admin
D:/Work/研究项目/公共数据库/青光眼CD比/标注照片/450,"D:/Work/研究项目/公共数据库/青光眼CD比/标注照片/450,10255_RR.jpg",2018-06-16 09:56:51,admin
D:/Work/研究项目/公共数据库/青光眼CD比/标注照片/450,"D:/Work/研究项目/公共数据库/青光眼CD比/标注照片/450,48237_RR.jpg",2018-06-16 09:56:51,admin
D:/Work/研究项目/公共数据库/青光眼CD比/标注照片/450,"D:/Work/研究项目/公共数据库/青光眼CD比/标注照片/450,39651_L.jpg",2018-06-16 09:56:51,admin
D:/Work/研究项目/公共数据库/青光眼CD比/标注照片/450,"D:/Work/研究项目/公共数据库/青光眼CD比/标注照片/450,11209_L.jpg",2018-06-16 09:56:51,admin
D:/Work/研究项目/公共数据库/青光眼CD比/标注照片/450,"D:/Work/研究项目/公共数据库/青光眼CD比/标注照片/450,53740_L.jpg",2018-06-16 09:56:51,admin
D:/Work/研究项目/公共数据库/青光眼CD比/标注照片/450,"D:/Work/研究项目/公共数据库/青光眼CD比/标注照片/450,6608_R.jpg",2018-06-16 09:56:51,admin
D:/Work/研究项目/公共数据库/青光眼CD比/标注照片/450,"D:/Work/研究项目/公共数据库/青光眼CD比/标注照片/450,910_L.jpg",2018-06-16 09:56:51,admin
D:/Work/研究项目/公共数据库/青光眼CD比/标注照片/450,"D:/Work/研究项目/公共数据库/青光眼CD比/标注照片/450,9468_L.jpg",2018-06-16 09:56:51,admin
D:/Work/研究项目/公共数据库/青光眼CD比/标注照片/450,"D:/Work/研究项目/公共数据库/青光眼CD比/标注照片/450,40517_LL.jpg",2018-06-16 09:56:51,admin
D:/Work/研究项目/公共数据库/青光眼CD比/标注照片/450,"D:/Work/研究项目/公共数据库/青光眼CD比/标注照片/450,8848_RR.jpg",2018-06-16 09:56:51,admin
D:/Work/研究项目/公共数据库/青光眼CD比/标注照片/450,"D:/Work/研究项目/公共数据库/青光眼CD比/标注照片/450,44274_LL.jpg",2018-06-16 09:56:51,admin
D:/Work/研究项目/公共数据库/青光眼CD比/标注照片/450,"D:/Work/研究项目/公共数据库/青光眼CD比/标注照片/450,22366_L.jpg",2018-06-16 09:56:51,admin
D:/Work/研究项目/公共数据库/青光眼CD比/标注照片/450,"D:/Work/研究项目/公共数据库/青光眼CD比/标注照片/450,49701_RR.jpg",2018-06-16 09:56:51,admin
D:/Work/研究项目/公共数据库/青光眼CD比/标注照片/450,"D:/Work/研究项目/公共数据库/青光眼CD比/标注照片/450,9594_R.jpg",2018-06-16 09:56:51,admin
D:/Work/研究项目/公共数据库/青光眼CD比/标注照片/450,"D:/Work/研究项目/公共数据库/青光眼CD比/标注照片/450,4420_LL.jpg",2018-06-16 09:56:51,admin
D:/Work/研究项目/公共数据库/青光眼CD比/标注照片/450,"D:/Work/研究项目/公共数据库/青光眼CD比/标注照片/450,790_L.jpg",2018-06-16 09:56:51,admin
D:/Work/研究项目/公共数据库/青光眼CD比/标注照片/450,"D:/Work/研究项目/公共数据库/青光眼CD比/标注照片/450,3301_R.jpg",2018-06-16 09:56:51,admin
D:/Work/研究项目/公共数据库/青光眼CD比/标注照片/450,"D:/Work/研究项目/公共数据库/青光眼CD比/标注照片/450,4525_R.jpg",2018-06-16 09:56:51,admin
D:/Work/研究项目/公共数据库/青光眼CD比/标注照片/450,"D:/Work/研究项目/公共数据库/青光眼CD比/标注照片/450,9011_LL.jpg",2018-06-16 09:56:51,admin
D:/Work/研究项目/公共数据库/青光眼CD比/标注照片/450,"D:/Work/研究项目/公共数据库/青光眼CD比/标注照片/450,40910_RR.jpg",2018-06-16 09:56:51,admin
D:/Work/研究项目/公共数据库/青光眼CD比/标注照片/450,"D:/Work/研究项目/公共数据库/青光眼CD比/标注照片/450,4463_R.jpg",2018-06-16 09:56:51,admin
D:/Work/研究项目/公共数据库/青光眼CD比/标注照片/450,"D:/Work/研究项目/公共数据库/青光眼CD比/标注照片/450,6071_L.jpg",2018-06-16 09:56:51,admin
D:/Work/研究项目/公共数据库/青光眼CD比/标注照片/450,"D:/Work/研究项目/公共数据库/青光眼CD比/标注照片/450,10051_LL.jpg",2018-06-16 09:56:51,admin
D:/Work/研究项目/公共数据库/青光眼CD比/标注照片/450,"D:/Work/研究项目/公共数据库/青光眼CD比/标注照片/450,10075_R.jpg",2018-06-16 09:56:51,admin
D:/Work/研究项目/公共数据库/青光眼CD比/标注照片/450,"D:/Work/研究项目/公共数据库/青光眼CD比/标注照片/450,1025_R.jpg",2018-06-16 09:56:51,admin
D:/Work/研究项目/公共数据库/青光眼CD比/标注照片/450,"D:/Work/研究项目/公共数据库/青光眼CD比/标注照片/450,10300_L.jpg",2018-06-16 09:56:51,admin
D:/Work/研究项目/公共数据库/青光眼CD比/标注照片/450,"D:/Work/研究项目/公共数据库/青光眼CD比/标注照片/450,10300_R.jpg",2018-06-16 09:56:51,admin
D:/Work/研究项目/公共数据库/青光眼CD比/标注照片/450,"D:/Work/研究项目/公共数据库/青光眼CD比/标注照片/450,10413_RR.jpg",2018-06-16 09:56:51,admin
D:/Work/研究项目/公共数据库/青光眼CD比/标注照片/450,"D:/Work/研究项目/公共数据库/青光眼CD比/标注照片/450,1043_L.jpg",2018-06-16 09:56:51,admin
D:/Work/研究项目/公共数据库/青光眼CD比/标注照片/450,"D:/Work/研究项目/公共数据库/青光眼CD比/标注照片/450,1043_R.jpg",2018-06-16 09:56:51,admin
D:/Work/研究项目/公共数据库/青光眼CD比/标注照片/450,"D:/Work/研究项目/公共数据库/青光眼CD比/标注照片/450,10446_L.jpg",2018-06-16 09:56:51,admin
D:/Work/研究项目/公共数据库/青光眼CD比/标注照片/450,"D:/Work/研究项目/公共数据库/青光眼CD比/标注照片/450,10446_R.jpg",2018-06-16 09:56:51,admin
D:/Work/研究项目/公共数据库/青光眼CD比/标注照片/450,"D:/Work/研究项目/公共数据库/青光眼CD比/标注照片/450,10460_R.jpg",2018-06-16 09:56:51,admin
D:/Work/研究项目/公共数据库/青光眼CD比/标注照片/450,"D:/Work/研究项目/公共数据库/青光眼CD比/标注照片/450,10725_LL.jpg",2018-06-16 09:56:51,admin
D:/Work/研究项目/公共数据库/青光眼CD比/标注照片/450,"D:/Work/研究项目/公共数据库/青光眼CD比/标注照片/450,10725_RR.jpg",2018-06-16 09:56:51,admin
D:/Work/研究项目/公共数据库/青光眼CD比/标注照片/450,"D:/Work/研究项目/公共数据库/青光眼CD比/标注照片/450,10961_LL.jpg",2018-06-16 09:56:51,admin
D:/Work/研究项目/公共数据库/青光眼CD比/标注照片/450,"D:/Work/研究项目/公共数据库/青光眼CD比/标注照片/450,10961_RR.jpg",2018-06-16 09:56:51,admin
D:/Work/研究项目/公共数据库/青光眼CD比/标注照片/450,"D:/Work/研究项目/公共数据库/青光眼CD比/标注照片/450,11073_LL.jpg",2018-06-16 09:56:51,admin
D:/Work/研究项目/公共数据库/青光眼CD比/标注照片/450,"D:/Work/研究项目/公共数据库/青光眼CD比/标注照片/450,11073_RR.jpg",2018-06-16 09:56:51,admin
D:/Work/研究项目/公共数据库/青光眼CD比/标注照片/450,"D:/Work/研究项目/公共数据库/青光眼CD比/标注照片/450,11209_R.jpg",2018-06-16 09:56:51,admin
D:/Work/研究项目/公共数据库/青光眼CD比/标注照片/450,"D:/Work/研究项目/公共数据库/青光眼CD比/标注照片/450,1206_LLL.jpg",2018-06-16 09:56:51,admin
D:/Work/研究项目/公共数据库/青光眼CD比/标注照片/450,"D:/Work/研究项目/公共数据库/青光眼CD比/标注照片/450,12284_L.jpg",2018-06-16 09:56:51,admin
D:/Work/研究项目/公共数据库/青光眼CD比/标注照片/450,"D:/Work/研究项目/公共数据库/青光眼CD比/标注照片/450,12610_L.jpg",2018-06-16 09:56:51,admin
D:/Work/研究项目/公共数据库/青光眼CD比/标注照片/450,"D:/Work/研究项目/公共数据库/青光眼CD比/标注照片/450,12610_RR.jpg",2018-06-16 09:56:51,admin
D:/Work/研究项目/公共数据库/青光眼CD比/标注照片/450,"D:/Work/研究项目/公共数据库/青光眼CD比/标注照片/450,12967_R.jpg",2018-06-16 09:56:51,admin
D:/Work/研究项目/公共数据库/青光眼CD比/标注照片/450,"D:/Work/研究项目/公共数据库/青光眼CD比/标注照片/450,13021_R.jpg",2018-06-16 09:56:51,admin
D:/Work/研究项目/公共数据库/青光眼CD比/标注照片/450,"D:/Work/研究项目/公共数据库/青光眼CD比/标注照片/450,13368_R.jpg",2018-06-16 09:56:51,admin
D:/Work/研究项目/公共数据库/青光眼CD比/标注照片/450,"D:/Work/研究项目/公共数据库/青光眼CD比/标注照片/450,13778_R.jpg",2018-06-16 09:56:51,admin
D:/Work/研究项目/公共数据库/青光眼CD比/标注照片/450,"D:/Work/研究项目/公共数据库/青光眼CD比/标注照片/450,13820_L.jpg",2018-06-16 09:56:51,admin
D:/Work/研究项目/公共数据库/青光眼CD比/标注照片/450,"D:/Work/研究项目/公共数据库/青光眼CD比/标注照片/450,13820_R.jpg",2018-06-16 09:56:51,admin
D:/Work/研究项目/公共数据库/青光眼CD比/标注照片/450,"D:/Work/研究项目/公共数据库/青光眼CD比/标注照片/450,13880_LL.jpg",2018-06-16 09:56:51,admin
D:/Work/研究项目/公共数据库/青光眼CD比/标注照片/450,"D:/Work/研究项目/公共数据库/青光眼CD比/标注照片/450,13880_RR.jpg",2018-06-16 09:56:51,admin
D:/Work/研究项目/公共数据库/青光眼CD比/标注照片/450,"D:/Work/研究项目/公共数据库/青光眼CD比/标注照片/450,14126_LLL.jpg",2018-06-16 09:56:51,admin
D:/Work/研究项目/公共数据库/青光眼CD比/标注照片/450,"D:/Work/研究项目/公共数据库/青光眼CD比/标注照片/450,1440_L.jpg",2018-06-16 09:56:51,admin
D:/Work/研究项目/公共数据库/青光眼CD比/标注照片/450,"D:/Work/研究项目/公共数据库/青光眼CD比/标注照片/450,14492_RR.jpg",2018-06-16 09:56:51,admin
D:/Work/研究项目/公共数据库/青光眼CD比/标注照片/450,"D:/Work/研究项目/公共数据库/青光眼CD比/标注照片/450,14508_R.jpg",2018-06-16 09:56:51,admin
D:/Work/研究项目/公共数据库/青光眼CD比/标注照片/450,"D:/Work/研究项目/公共数据库/青光眼CD比/标注照片/450,14575_L.jpg",2018-06-16 09:56:51,admin
D:/Work/研究项目/公共数据库/青光眼CD比/标注照片/450,"D:/Work/研究项目/公共数据库/青光眼CD比/标注照片/450,14747_R.jpg",2018-06-16 09:56:51,admin
D:/Work/研究项目/公共数据库/青光眼CD比/标注照片/450,"D:/Work/研究项目/公共数据库/青光眼CD比/标注照片/450,14762_L.jpg",2018-06-16 09:56:51,admin
D:/Work/研究项目/公共数据库/青光眼CD比/标注照片/450,"D:/Work/研究项目/公共数据库/青光眼CD比/标注照片/450,1508_L.jpg",2018-06-16 09:56:51,admin
D:/Work/研究项目/公共数据库/青光眼CD比/标注照片/450,"D:/Work/研究项目/公共数据库/青光眼CD比/标注照片/450,1508_R.jpg",2018-06-16 09:56:51,admin
D:/Work/研究项目/公共数据库/青光眼CD比/标注照片/450,"D:/Work/研究项目/公共数据库/青光眼CD比/标注照片/450,15285_RR.jpg",2018-06-16 09:56:51,admin
D:/Work/研究项目/公共数据库/青光眼CD比/标注照片/450,"D:/Work/研究项目/公共数据库/青光眼CD比/标注照片/450,15513_LL.jpg",2018-06-16 09:56:51,admin
D:/Work/研究项目/公共数据库/青光眼CD比/标注照片/450,"D:/Work/研究项目/公共数据库/青光眼CD比/标注照片/450,15513_RR.jpg",2018-06-16 09:56:51,admin
D:/Work/研究项目/公共数据库/青光眼CD比/标注照片/450,"D:/Work/研究项目/公共数据库/青光眼CD比/标注照片/450,16381_L.jpg",2018-06-16 09:56:51,admin
D:/Work/研究项目/公共数据库/青光眼CD比/标注照片/450,"D:/Work/研究项目/公共数据库/青光眼CD比/标注照片/450,16381_R.jpg",2018-06-16 09:56:51,admin
D:/Work/研究项目/公共数据库/青光眼CD比/标注照片/450,"D:/Work/研究项目/公共数据库/青光眼CD比/标注照片/450,1642_L.jpg",2018-06-16 09:56:51,admin
D:/Work/研究项目/公共数据库/青光眼CD比/标注照片/450,"D:/Work/研究项目/公共数据库/青光眼CD比/标注照片/450,16966_L.jpg",2018-06-16 09:56:51,admin
D:/Work/研究项目/公共数据库/青光眼CD比/标注照片/450,"D:/Work/研究项目/公共数据库/青光眼CD比/标注照片/450,16976_L.jpg",2018-06-16 09:56:51,admin
D:/Work/研究项目/公共数据库/青光眼CD比/标注照片/450,"D:/Work/研究项目/公共数据库/青光眼CD比/标注照片/450,16976_R.jpg",2018-06-16 09:56:51,admin
D:/Work/研究项目/公共数据库/青光眼CD比/标注照片/450,"D:/Work/研究项目/公共数据库/青光眼CD比/标注照片/450,17319_RR.jpg",2018-06-16 09:56:51,admin
D:/Work/研究项目/公共数据库/青光眼CD比/标注照片/450,"D:/Work/研究项目/公共数据库/青光眼CD比/标注照片/450,17321_L.jpg",2018-06-16 09:56:51,admin
D:/Work/研究项目/公共数据库/青光眼CD比/标注照片/450,"D:/Work/研究项目/公共数据库/青光眼CD比/标注照片/450,17321_R.jpg",2018-06-16 09:56:51,admin
D:/Work/研究项目/公共数据库/青光眼CD比/标注照片/450,"D:/Work/研究项目/公共数据库/青光眼CD比/标注照片/450,1739_L.jpg",2018-06-16 09:56:51,admin
D:/Work/研究项目/公共数据库/青光眼CD比/标注照片/450,"D:/Work/研究项目/公共数据库/青光眼CD比/标注照片/450,1746_L.jpg",2018-06-16 09:56:51,admin
D:/Work/研究项目/公共数据库/青光眼CD比/标注照片/450,"D:/Work/研究项目/公共数据库/青光眼CD比/标注照片/450,1749_L.jpg",2018-06-16 09:56:51,admin
D:/Work/研究项目/公共数据库/青光眼CD比/标注照片/450,"D:/Work/研究项目/公共数据库/青光眼CD比/标注照片/450,1749_R.jpg",2018-06-16 09:56:51,admin
D:/Work/研究项目/公共数据库/青光眼CD比/标注照片/450,"D:/Work/研究项目/公共数据库/青光眼CD比/标注照片/450,17532_RR.jpg",2018-06-16 09:56:51,admin
D:/Work/研究项目/公共数据库/青光眼CD比/标注照片/450,"D:/Work/研究项目/公共数据库/青光眼CD比/标注照片/450,17593_R.jpg",2018-06-16 09:56:51,admin
D:/Work/研究项目/公共数据库/青光眼CD比/标注照片/450,"D:/Work/研究项目/公共数据库/青光眼CD比/标注照片/450,17899_L.jpg",2018-06-16 09:56:51,admin
D:/Work/研究项目/公共数据库/青光眼CD比/标注照片/450,"D:/Work/研究项目/公共数据库/青光眼CD比/标注照片/450,1865_R.jpg",2018-06-16 09:56:51,admin
D:/Work/研究项目/公共数据库/青光眼CD比/标注照片/450,"D:/Work/研究项目/公共数据库/青光眼CD比/标注照片/450,18716_L.jpg",2018-06-16 09:56:51,admin
D:/Work/研究项目/公共数据库/青光眼CD比/标注照片/450,"D:/Work/研究项目/公共数据库/青光眼CD比/标注照片/450,19072_LL.jpg",2018-06-16 09:56:51,admin
D:/Work/研究项目/公共数据库/青光眼CD比/标注照片/450,"D:/Work/研究项目/公共数据库/青光眼CD比/标注照片/450,19072_R.jpg",2018-06-16 09:56:51,admin
D:/Work/研究项目/公共数据库/青光眼CD比/标注照片/450,"D:/Work/研究项目/公共数据库/青光眼CD比/标注照片/450,19487_RRRR.jpg",2018-06-16 09:56:51,admin
D:/Work/研究项目/公共数据库/青光眼CD比/标注照片/450,"D:/Work/研究项目/公共数据库/青光眼CD比/标注照片/450,19562_RR.jpg",2018-06-16 09:56:51,admin
D:/Work/研究项目/公共数据库/青光眼CD比/标注照片/450,"D:/Work/研究项目/公共数据库/青光眼CD比/标注照片/450,19824_L.jpg",2018-06-16 09:56:51,admin
D:/Work/研究项目/公共数据库/青光眼CD比/标注照片/450,"D:/Work/研究项目/公共数据库/青光眼CD比/标注照片/450,19824_RR.jpg",2018-06-16 09:56:51,admin
D:/Work/研究项目/公共数据库/青光眼CD比/标注照片/450,"D:/Work/研究项目/公共数据库/青光眼CD比/标注照片/450,20028_LL.jpg",2018-06-16 09:56:51,admin
D:/Work/研究项目/公共数据库/青光眼CD比/标注照片/450,"D:/Work/研究项目/公共数据库/青光眼CD比/标注照片/450,20028_RR.jpg",2018-06-16 09:56:51,admin
D:/Work/研究项目/公共数据库/青光眼CD比/标注照片/450,"D:/Work/研究项目/公共数据库/青光眼CD比/标注照片/450,20064_RR.jpg",2018-06-16 09:56:51,admin
D:/Work/研究项目/公共数据库/青光眼CD比/标注照片/450,"D:/Work/研究项目/公共数据库/青光眼CD比/标注照片/450,20391_LL.jpg",2018-06-16 09:56:51,admin
D:/Work/研究项目/公共数据库/青光眼CD比/标注照片/450,"D:/Work/研究项目/公共数据库/青光眼CD比/标注照片/450,20391_R.jpg",2018-06-16 09:56:51,admin
D:/Work/研究项目/公共数据库/青光眼CD比/标注照片/450,"D:/Work/研究项目/公共数据库/青光眼CD比/标注照片/450,20399_RR.jpg",2018-06-16 09:56:51,admin
D:/Work/研究项目/公共数据库/青光眼CD比/标注照片/450,"D:/Work/研究项目/公共数据库/青光眼CD比/标注照片/450,2047_R.jpg",2018-06-16 09:56:51,admin
D:/Work/研究项目/公共数据库/青光眼CD比/标注照片/450,"D:/Work/研究项目/公共数据库/青光眼CD比/标注照片/450,2105_LL.jpg",2018-06-16 09:56:51,admin
D:/Work/研究项目/公共数据库/青光眼CD比/标注照片/450,"D:/Work/研究项目/公共数据库/青光眼CD比/标注照片/450,2105_R.jpg",2018-06-16 09:56:51,admin
D:/Work/研究项目/公共数据库/青光眼CD比/标注照片/450,"D:/Work/研究项目/公共数据库/青光眼CD比/标注照片/450,2116_L.jpg",2018-06-16 09:56:51,admin
D:/Work/研究项目/公共数据库/青光眼CD比/标注照片/450,"D:/Work/研究项目/公共数据库/青光眼CD比/标注照片/450,21199_RR.jpg",2018-06-16 09:56:51,admin
D:/Work/研究项目/公共数据库/青光眼CD比/标注照片/450,"D:/Work/研究项目/公共数据库/青光眼CD比/标注照片/450,2125_LL.jpg",2018-06-16 09:56:51,admin
D:/Work/研究项目/公共数据库/青光眼CD比/标注照片/450,"D:/Work/研究项目/公共数据库/青光眼CD比/标注照片/450,2125_R.jpg",2018-06-16 09:56:51,admin
D:/Work/研究项目/公共数据库/青光眼CD比/标注照片/450,"D:/Work/研究项目/公共数据库/青光眼CD比/标注照片/450,2150_LL.jpg",2018-06-16 09:56:51,admin
D:/Work/研究项目/公共数据库/青光眼CD比/标注照片/450,"D:/Work/研究项目/公共数据库/青光眼CD比/标注照片/450,2169_L.jpg",2018-06-16 09:56:51,admin
D:/Work/研究项目/公共数据库/青光眼CD比/标注照片/450,"D:/Work/研究项目/公共数据库/青光眼CD比/标注照片/450,2169_R.jpg",2018-06-16 09:56:51,admin
D:/Work/研究项目/公共数据库/青光眼CD比/标注照片/450,"D:/Work/研究项目/公共数据库/青光眼CD比/标注照片/450,21766_RR.jpg",2018-06-16 09:56:51,admin
D:/Work/研究项目/公共数据库/青光眼CD比/标注照片/450,"D:/Work/研究项目/公共数据库/青光眼CD比/标注照片/450,21956_RR.jpg",2018-06-16 09:56:51,admin
D:/Work/研究项目/公共数据库/青光眼CD比/标注照片/450,"D:/Work/研究项目/公共数据库/青光眼CD比/标注照片/450,22366_R.jpg",2018-06-16 09:56:51,admin
D:/Work/研究项目/公共数据库/青光眼CD比/标注照片/450,"D:/Work/研究项目/公共数据库/青光眼CD比/标注照片/450,2320_L.jpg",2018-06-16 09:56:51,admin
D:/Work/研究项目/公共数据库/青光眼CD比/标注照片/450,"D:/Work/研究项目/公共数据库/青光眼CD比/标注照片/450,2320_R.jpg",2018-06-16 09:56:51,admin
D:/Work/研究项目/公共数据库/青光眼CD比/标注照片/450,"D:/Work/研究项目/公共数据库/青光眼CD比/标注照片/450,23755_L.jpg",2018-06-16 09:56:51,admin
D:/Work/研究项目/公共数据库/青光眼CD比/标注照片/450,"D:/Work/研究项目/公共数据库/青光眼CD比/标注照片/450,23800_LL.jpg",2018-06-16 09:56:51,admin
D:/Work/研究项目/公共数据库/青光眼CD比/标注照片/450,"D:/Work/研究项目/公共数据库/青光眼CD比/标注照片/450,23996_LLL.jpg",2018-06-16 09:56:51,admin
D:/Work/研究项目/公共数据库/青光眼CD比/标注照片/450,"D:/Work/研究项目/公共数据库/青光眼CD比/标注照片/450,24163_RR.jpg",2018-06-16 09:56:51,admin
D:/Work/研究项目/公共数据库/青光眼CD比/标注照片/450,"D:/Work/研究项目/公共数据库/青光眼CD比/标注照片/450,2448_LL.jpg",2018-06-16 09:56:51,admin
D:/Work/研究项目/公共数据库/青光眼CD比/标注照片/450,"D:/Work/研究项目/公共数据库/青光眼CD比/标注照片/450,2448_R.jpg",2018-06-16 09:56:51,admin
D:/Work/研究项目/公共数据库/青光眼CD比/标注照片/450,"D:/Work/研究项目/公共数据库/青光眼CD比/标注照片/450,2467_L.jpg",2018-06-16 09:56:51,admin
D:/Work/研究项目/公共数据库/青光眼CD比/标注照片/450,"D:/Work/研究项目/公共数据库/青光眼CD比/标注照片/450,2574_L.jpg",2018-06-16 09:56:51,admin
D:/Work/研究项目/公共数据库/青光眼CD比/标注照片/450,"D:/Work/研究项目/公共数据库/青光眼CD比/标注照片/450,2574_R.jpg",2018-06-16 09:56:51,admin
D:/Work/研究项目/公共数据库/青光眼CD比/标注照片/450,"D:/Work/研究项目/公共数据库/青光眼CD比/标注照片/450,26008_RR.jpg",2018-06-16 09:56:51,admin
D:/Work/研究项目/公共数据库/青光眼CD比/标注照片/450,"D:/Work/研究项目/公共数据库/青光眼CD比/标注照片/450,2610_L.jpg",2018-06-16 09:56:51,admin
D:/Work/研究项目/公共数据库/青光眼CD比/标注照片/450,"D:/Work/研究项目/公共数据库/青光眼CD比/标注照片/450,2616_R.jpg",2018-06-16 09:56:51,admin
D:/Work/研究项目/公共数据库/青光眼CD比/标注照片/450,"D:/Work/研究项目/公共数据库/青光眼CD比/标注照片/450,2629_LL.jpg",2018-06-16 09:56:51,admin
D:/Work/研究项目/公共数据库/青光眼CD比/标注照片/450,"D:/Work/研究项目/公共数据库/青光眼CD比/标注照片/450,2652_R.jpg",2018-06-16 09:56:51,admin
D:/Work/研究项目/公共数据库/青光眼CD比/标注照片/450,"D:/Work/研究项目/公共数据库/青光眼CD比/标注照片/450,2694_L.jpg",2018-06-16 09:56:51,admin
D:/Work/研究项目/公共数据库/青光眼CD比/标注照片/450,"D:/Work/研究项目/公共数据库/青光眼CD比/标注照片/450,2694_R.jpg",2018-06-16 09:56:51,admin
D:/Work/研究项目/公共数据库/青光眼CD比/标注照片/450,"D:/Work/研究项目/公共数据库/青光眼CD比/标注照片/450,2730_R.jpg",2018-06-16 09:56:51,admin
D:/Work/研究项目/公共数据库/青光眼CD比/标注照片/450,"D:/Work/研究项目/公共数据库/青光眼CD比/标注照片/450,2791_L.jpg",2018-06-16 09:56:51,admin
D:/Work/研究项目/公共数据库/青光眼CD比/标注照片/450,"D:/Work/研究项目/公共数据库/青光眼CD比/标注照片/450,2791_R.jpg",2018-06-16 09:56:51,admin
D:/Work/研究项目/公共数据库/青光眼CD比/标注照片/450,"D:/Work/研究项目/公共数据库/青光眼CD比/标注照片/450,27936_RR.jpg",2018-06-16 09:56:51,admin
D:/Work/研究项目/公共数据库/青光眼CD比/标注照片/450,"D:/Work/研究项目/公共数据库/青光眼CD比/标注照片/450,2800_R.jpg",2018-06-16 09:56:51,admin
D:/Work/研究项目/公共数据库/青光眼CD比/标注照片/450,"D:/Work/研究项目/公共数据库/青光眼CD比/标注照片/450,2815_LL.jpg",2018-06-16 09:56:51,admin
D:/Work/研究项目/公共数据库/青光眼CD比/标注照片/450,"D:/Work/研究项目/公共数据库/青光眼CD比/标注照片/450,2815_R.jpg",2018-06-16 09:56:51,admin
D:/Work/研究项目/公共数据库/青光眼CD比/标注照片/450,"D:/Work/研究项目/公共数据库/青光眼CD比/标注照片/450,2820_LL.jpg",2018-06-16 09:56:51,admin
D:/Work/研究项目/公共数据库/青光眼CD比/标注照片/450,"D:/Work/研究项目/公共数据库/青光眼CD比/标注照片/450,2820_R.jpg",2018-06-16 09:56:51,admin
D:/Work/研究项目/公共数据库/青光眼CD比/标注照片/450,"D:/Work/研究项目/公共数据库/青光眼CD比/标注照片/450,2822_LL.jpg",2018-06-16 09:56:51,admin
D:/Work/研究项目/公共数据库/青光眼CD比/标注照片/450,"D:/Work/研究项目/公共数据库/青光眼CD比/标注照片/450,28775_RR.jpg",2018-06-16 09:56:51,admin
D:/Work/研究项目/公共数据库/青光眼CD比/标注照片/450,"D:/Work/研究项目/公共数据库/青光眼CD比/标注照片/450,2954_L.jpg",2018-06-16 09:56:51,admin
D:/Work/研究项目/公共数据库/青光眼CD比/标注照片/450,"D:/Work/研究项目/公共数据库/青光眼CD比/标注照片/450,2956_R.jpg",2018-06-16 09:56:51,admin
D:/Work/研究项目/公共数据库/青光眼CD比/标注照片/450,"D:/Work/研究项目/公共数据库/青光眼CD比/标注照片/450,2959_L.jpg",2018-06-16 09:56:51,admin
D:/Work/研究项目/公共数据库/青光眼CD比/标注照片/450,"D:/Work/研究项目/公共数据库/青光眼CD比/标注照片/450,2959_R.jpg",2018-06-16 09:56:51,admin
D:/Work/研究项目/公共数据库/青光眼CD比/标注照片/450,"D:/Work/研究项目/公共数据库/青光眼CD比/标注照片/450,2999_LL.jpg",2018-06-16 09:56:51,admin
D:/Work/研究项目/公共数据库/青光眼CD比/标注照片/450,"D:/Work/研究项目/公共数据库/青光眼CD比/标注照片/450,3001_LL.jpg",2018-06-16 09:56:51,admin
D:/Work/研究项目/公共数据库/青光眼CD比/标注照片/450,"D:/Work/研究项目/公共数据库/青光眼CD比/标注照片/450,3006_R.jpg",2018-06-16 09:56:51,admin
D:/Work/研究项目/公共数据库/青光眼CD比/标注照片/450,"D:/Work/研究项目/公共数据库/青光眼CD比/标注照片/450,30241_LL.jpg",2018-06-16 09:56:51,admin
D:/Work/研究项目/公共数据库/青光眼CD比/标注照片/450,"D:/Work/研究项目/公共数据库/青光眼CD比/标注照片/450,30348_LL.jpg",2018-06-16 09:56:51,admin
D:/Work/研究项目/公共数据库/青光眼CD比/标注照片/450,"D:/Work/研究项目/公共数据库/青光眼CD比/标注照片/450,30940_LL.jpg",2018-06-16 09:56:51,admin
D:/Work/研究项目/公共数据库/青光眼CD比/标注照片/450,"D:/Work/研究项目/公共数据库/青光眼CD比/标注照片/450,3102_LL.jpg",2018-06-16 09:56:51,admin
D:/Work/研究项目/公共数据库/青光眼CD比/标注照片/450,"D:/Work/研究项目/公共数据库/青光眼CD比/标注照片/450,3106_LL.jpg",2018-06-16 09:56:51,admin
D:/Work/研究项目/公共数据库/青光眼CD比/标注照片/450,"D:/Work/研究项目/公共数据库/青光眼CD比/标注照片/450,3154_L.jpg",2018-06-16 09:56:51,admin
D:/Work/研究项目/公共数据库/青光眼CD比/标注照片/450,"D:/Work/研究项目/公共数据库/青光眼CD比/标注照片/450,3154_R.jpg",2018-06-16 09:56:51,admin
D:/Work/研究项目/公共数据库/青光眼CD比/标注照片/450,"D:/Work/研究项目/公共数据库/青光眼CD比/标注照片/450,32135_L.jpg",2018-06-16 09:56:51,admin
D:/Work/研究项目/公共数据库/青光眼CD比/标注照片/450,"D:/Work/研究项目/公共数据库/青光眼CD比/标注照片/450,32135_RR.jpg",2018-06-16 09:56:51,admin
D:/Work/研究项目/公共数据库/青光眼CD比/标注照片/450,"D:/Work/研究项目/公共数据库/青光眼CD比/标注照片/450,32169_L.jpg",2018-06-16 09:56:51,admin
D:/Work/研究项目/公共数据库/青光眼CD比/标注照片/450,"D:/Work/研究项目/公共数据库/青光眼CD比/标注照片/450,323_L.jpg",2018-06-16 09:56:51,admin
D:/Work/研究项目/公共数据库/青光眼CD比/标注照片/450,"D:/Work/研究项目/公共数据库/青光眼CD比/标注照片/450,323_R.jpg",2018-06-16 09:56:51,admin
D:/Work/研究项目/公共数据库/青光眼CD比/标注照片/450,"D:/Work/研究项目/公共数据库/青光眼CD比/标注照片/450,32506_L.jpg",2018-06-16 09:56:51,admin
D:/Work/研究项目/公共数据库/青光眼CD比/标注照片/450,"D:/Work/研究项目/公共数据库/青光眼CD比/标注照片/450,32506_RR.jpg",2018-06-16 09:56:51,admin
D:/Work/研究项目/公共数据库/青光眼CD比/标注照片/450,"D:/Work/研究项目/公共数据库/青光眼CD比/标注照片/450,32577_R.jpg",2018-06-16 09:56:51,admin
D:/Work/研究项目/公共数据库/青光眼CD比/标注照片/450,"D:/Work/研究项目/公共数据库/青光眼CD比/标注照片/450,33617_LL.jpg",2018-06-16 09:56:51,admin
D:/Work/研究项目/公共数据库/青光眼CD比/标注照片/450,"D:/Work/研究项目/公共数据库/青光眼CD比/标注照片/450,33617_R.jpg",2018-06-16 09:56:51,admin
D:/Work/研究项目/公共数据库/青光眼CD比/标注照片/450,"D:/Work/研究项目/公共数据库/青光眼CD比/标注照片/450,33624_LL.jpg",2018-06-16 09:56:51,admin
D:/Work/研究项目/公共数据库/青光眼CD比/标注照片/450,"D:/Work/研究项目/公共数据库/青光眼CD比/标注照片/450,33624_R.jpg",2018-06-16 09:56:51,admin
D:/Work/研究项目/公共数据库/青光眼CD比/标注照片/450,"D:/Work/研究项目/公共数据库/青光眼CD比/标注照片/450,343_R.jpg",2018-06-16 09:56:51,admin
D:/Work/研究项目/公共数据库/青光眼CD比/标注照片/450,"D:/Work/研究项目/公共数据库/青光眼CD比/标注照片/450,3446_LL.jpg",2018-06-16 09:56:51,admin
D:/Work/研究项目/公共数据库/青光眼CD比/标注照片/450,"D:/Work/研究项目/公共数据库/青光眼CD比/标注照片/450,3446_R.jpg",2018-06-16 09:56:51,admin
D:/Work/研究项目/公共数据库/青光眼CD比/标注照片/450,"D:/Work/研究项目/公共数据库/青光眼CD比/标注照片/450,3460_L.jpg",2018-06-16 09:56:51,admin
D:/Work/研究项目/公共数据库/青光眼CD比/标注照片/450,"D:/Work/研究项目/公共数据库/青光眼CD比/标注照片/450,3460_R.jpg",2018-06-16 09:56:51,admin
D:/Work/研究项目/公共数据库/青光眼CD比/标注照片/450,"D:/Work/研究项目/公共数据库/青光眼CD比/标注照片/450,3463_L.jpg",2018-06-16 09:56:51,admin
D:/Work/研究项目/公共数据库/青光眼CD比/标注照片/450,"D:/Work/研究项目/公共数据库/青光眼CD比/标注照片/450,3463_R.jpg",2018-06-16 09:56:51,admin
D:/Work/研究项目/公共数据库/青光眼CD比/标注照片/450,"D:/Work/研究项目/公共数据库/青光眼CD比/标注照片/450,3473_R.jpg",2018-06-16 09:56:51,admin
D:/Work/研究项目/公共数据库/青光眼CD比/标注照片/450,"D:/Work/研究项目/公共数据库/青光眼CD比/标注照片/450,35123_RR.jpg",2018-06-16 09:56:51,admin
D:/Work/研究项目/公共数据库/青光眼CD比/标注照片/450,"D:/Work/研究项目/公共数据库/青光眼CD比/标注照片/450,3516_R.jpg",2018-06-16 09:56:51,admin
D:/Work/研究项目/公共数据库/青光眼CD比/标注照片/450,"D:/Work/研究项目/公共数据库/青光眼CD比/标注照片/450,3571_LL.jpg",2018-06-16 09:56:51,admin
D:/Work/研究项目/公共数据库/青光眼CD比/标注照片/450,"D:/Work/研究项目/公共数据库/青光眼CD比/标注照片/450,3591_LL.jpg",2018-06-16 09:56:51,admin
D:/Work/研究项目/公共数据库/青光眼CD比/标注照片/450,"D:/Work/研究项目/公共数据库/青光眼CD比/标注照片/450,3591_R.jpg",2018-06-16 09:56:51,admin
D:/Work/研究项目/公共数据库/青光眼CD比/标注照片/450,"D:/Work/研究项目/公共数据库/青光眼CD比/标注照片/450,3614_L.jpg",2018-06-16 09:56:51,admin
D:/Work/研究项目/公共数据库/青光眼CD比/标注照片/450,"D:/Work/研究项目/公共数据库/青光眼CD比/标注照片/450,3614_R.jpg",2018-06-16 09:56:51,admin
D:/Work/研究项目/公共数据库/青光眼CD比/标注照片/450,"D:/Work/研究项目/公共数据库/青光眼CD比/标注照片/450,3632_R.jpg",2018-06-16 09:56:51,admin
D:/Work/研究项目/公共数据库/青光眼CD比/标注照片/450,"D:/Work/研究项目/公共数据库/青光眼CD比/标注照片/450,3650_R.jpg",2018-06-16 09:56:51,admin
D:/Work/研究项目/公共数据库/青光眼CD比/标注照片/450,"D:/Work/研究项目/公共数据库/青光眼CD比/标注照片/450,3651_R.jpg",2018-06-16 09:56:51,admin
D:/Work/研究项目/公共数据库/青光眼CD比/标注照片/450,"D:/Work/研究项目/公共数据库/青光眼CD比/标注照片/450,36889_L.jpg",2018-06-16 09:56:51,admin
D:/Work/研究项目/公共数据库/青光眼CD比/标注照片/450,"D:/Work/研究项目/公共数据库/青光眼CD比/标注照片/450,3797_LL.jpg",2018-06-16 09:56:51,admin
D:/Work/研究项目/公共数据库/青光眼CD比/标注照片/450,"D:/Work/研究项目/公共数据库/青光眼CD比/标注照片/450,3797_R.jpg",2018-06-16 09:56:51,admin
D:/Work/研究项目/公共数据库/青光眼CD比/标注照片/450,"D:/Work/研究项目/公共数据库/青光眼CD比/标注照片/450,3799_L.jpg",2018-06-16 09:56:51,admin
D:/Work/研究项目/公共数据库/青光眼CD比/标注照片/450,"D:/Work/研究项目/公共数据库/青光眼CD比/标注照片/450,3799_R.jpg",2018-06-16 09:56:51,admin
D:/Work/研究项目/公共数据库/青光眼CD比/标注照片/450,"D:/Work/研究项目/公共数据库/青光眼CD比/标注照片/450,3803_LL.jpg",2018-06-16 09:56:51,admin
D:/Work/研究项目/公共数据库/青光眼CD比/标注照片/450,"D:/Work/研究项目/公共数据库/青光眼CD比/标注照片/450,3803_R.jpg",2018-06-16 09:56:51,admin
D:/Work/研究项目/公共数据库/青光眼CD比/标注照片/450,"D:/Work/研究项目/公共数据库/青光眼CD比/标注照片/450,3806_L.jpg",2018-06-16 09:56:51,admin
D:/Work/研究项目/公共数据库/青光眼CD比/标注照片/450,"D:/Work/研究项目/公共数据库/青光眼CD比/标注照片/450,3806_R.jpg",2018-06-16 09:56:51,admin
D:/Work/研究项目/公共数据库/青光眼CD比/标注照片/450,"D:/Work/研究项目/公共数据库/青光眼CD比/标注照片/450,38069_RR.jpg",2018-06-16 09:56:51,admin
D:/Work/研究项目/公共数据库/青光眼CD比/标注照片/450,"D:/Work/研究项目/公共数据库/青光眼CD比/标注照片/450,39123_RR.jpg",2018-06-16 09:56:51,admin
D:/Work/研究项目/公共数据库/青光眼CD比/标注照片/450,"D:/Work/研究项目/公共数据库/青光眼CD比/标注照片/450,3938_LL.jpg",2018-06-16 09:56:51,admin
D:/Work/研究项目/公共数据库/青光眼CD比/标注照片/450,"D:/Work/研究项目/公共数据库/青光眼CD比/标注照片/450,3938_R.jpg",2018-06-16 09:56:51,admin
D:/Work/研究项目/公共数据库/青光眼CD比/标注照片/450,"D:/Work/研究项目/公共数据库/青光眼CD比/标注照片/450,39993_LL.jpg",2018-06-16 09:56:51,admin
D:/Work/研究项目/公共数据库/青光眼CD比/标注照片/450,"D:/Work/研究项目/公共数据库/青光眼CD比/标注照片/450,39993_R.jpg",2018-06-16 09:56:51,admin
D:/Work/研究项目/公共数据库/青光眼CD比/标注照片/450,"D:/Work/研究项目/公共数据库/青光眼CD比/标注照片/450,4014_L.jpg",2018-06-16 09:56:51,admin
D:/Work/研究项目/公共数据库/青光眼CD比/标注照片/450,"D:/Work/研究项目/公共数据库/青光眼CD比/标注照片/450,4014_R.jpg",2018-06-16 09:56:51,admin
D:/Work/研究项目/公共数据库/青光眼CD比/标注照片/450,"D:/Work/研究项目/公共数据库/青光眼CD比/标注照片/450,40320_LL.jpg",2018-06-16 09:56:51,admin
D:/Work/研究项目/公共数据库/青光眼CD比/标注照片/450,"D:/Work/研究项目/公共数据库/青光眼CD比/标注照片/450,40320_RR.jpg",2018-06-16 09:56:51,admin
D:/Work/研究项目/公共数据库/青光眼CD比/标注照片/450,"D:/Work/研究项目/公共数据库/青光眼CD比/标注照片/450,40517_RR.jpg",2018-06-16 09:56:51,admin
D:/Work/研究项目/公共数据库/青光眼CD比/标注照片/450,"D:/Work/研究项目/公共数据库/青光眼CD比/标注照片/450,41152_L.jpg",2018-06-16 09:56:51,admin
D:/Work/研究项目/公共数据库/青光眼CD比/标注照片/450,"D:/Work/研究项目/公共数据库/青光眼CD比/标注照片/450,41152_R.jpg",2018-06-16 09:56:51,admin
D:/Work/研究项目/公共数据库/青光眼CD比/标注照片/450,"D:/Work/研究项目/公共数据库/青光眼CD比/标注照片/450,41184_LL.jpg",2018-06-16 09:56:51,admin
D:/Work/研究项目/公共数据库/青光眼CD比/标注照片/450,"D:/Work/研究项目/公共数据库/青光眼CD比/标注照片/450,41184_R.jpg",2018-06-16 09:56:51,admin
D:/Work/研究项目/公共数据库/青光眼CD比/标注照片/450,"D:/Work/研究项目/公共数据库/青光眼CD比/标注照片/450,4177_L.jpg",2018-06-16 09:56:51,admin
D:/Work/研究项目/公共数据库/青光眼CD比/标注照片/450,"D:/Work/研究项目/公共数据库/青光眼CD比/标注照片/450,4177_RR.jpg",2018-06-16 09:56:51,admin
D:/Work/研究项目/公共数据库/青光眼CD比/标注照片/450,"D:/Work/研究项目/公共数据库/青光眼CD比/标注照片/450,4183_LL.jpg",2018-06-16 09:56:51,admin
D:/Work/研究项目/公共数据库/青光眼CD比/标注照片/450,"D:/Work/研究项目/公共数据库/青光眼CD比/标注照片/450,4183_RR.jpg",2018-06-16 09:56:51,admin
D:/Work/研究项目/公共数据库/青光眼CD比/标注照片/450,"D:/Work/研究项目/公共数据库/青光眼CD比/标注照片/450,4297_R.jpg",2018-06-16 09:56:51,admin
D:/Work/研究项目/公共数据库/青光眼CD比/标注照片/450,"D:/Work/研究项目/公共数据库/青光眼CD比/标注照片/450,43059_R.jpg",2018-06-16 09:56:51,admin
D:/Work/研究项目/公共数据库/青光眼CD比/标注照片/450,"D:/Work/研究项目/公共数据库/青光眼CD比/标注照片/450,4311_LL.jpg",2018-06-16 09:56:51,admin
D:/Work/研究项目/公共数据库/青光眼CD比/标注照片/450,"D:/Work/研究项目/公共数据库/青光眼CD比/标注照片/450,4331_L.jpg",2018-06-16 09:56:51,admin
D:/Work/研究项目/公共数据库/青光眼CD比/标注照片/450,"D:/Work/研究项目/公共数据库/青光眼CD比/标注照片/450,4331_R.jpg",2018-06-16 09:56:51,admin
D:/Work/研究项目/公共数据库/青光眼CD比/标注照片/450,"D:/Work/研究项目/公共数据库/青光眼CD比/标注照片/450,4335_LL.jpg",2018-06-16 09:56:51,admin
D:/Work/研究项目/公共数据库/青光眼CD比/标注照片/450,"D:/Work/研究项目/公共数据库/青光眼CD比/标注照片/450,4335_R.jpg",2018-06-16 09:56:51,admin
D:/Work/研究项目/公共数据库/青光眼CD比/标注照片/450,"D:/Work/研究项目/公共数据库/青光眼CD比/标注照片/450,43382_R.jpg",2018-06-16 09:56:51,admin
D:/Work/研究项目/公共数据库/青光眼CD比/标注照片/450,"D:/Work/研究项目/公共数据库/青光眼CD比/标注照片/450,4352_R.jpg",2018-06-16 09:56:51,admin
D:/Work/研究项目/公共数据库/青光眼CD比/标注照片/450,"D:/Work/研究项目/公共数据库/青光眼CD比/标注照片/450,44055_LL.jpg",2018-06-16 09:56:51,admin
D:/Work/研究项目/公共数据库/青光眼CD比/标注照片/450,"D:/Work/研究项目/公共数据库/青光眼CD比/标注照片/450,44055_RR.jpg",2018-06-16 09:56:51,admin
D:/Work/研究项目/公共数据库/青光眼CD比/标注照片/450,"D:/Work/研究项目/公共数据库/青光眼CD比/标注照片/450,44197_LL.jpg",2018-06-16 09:56:51,admin
D:/Work/研究项目/公共数据库/青光眼CD比/标注照片/450,"D:/Work/研究项目/公共数据库/青光眼CD比/标注照片/450,4451_LL.jpg",2018-06-16 09:56:51,admin
D:/Work/研究项目/公共数据库/青光眼CD比/标注照片/450,"D:/Work/研究项目/公共数据库/青光眼CD比/标注照片/450,4452_LL.jpg",2018-06-16 09:56:51,admin
D:/Work/研究项目/公共数据库/青光眼CD比/标注照片/450,"D:/Work/研究项目/公共数据库/青光眼CD比/标注照片/450,4452_R.jpg",2018-06-16 09:56:51,admin
D:/Work/研究项目/公共数据库/青光眼CD比/标注照片/450,"D:/Work/研究项目/公共数据库/青光眼CD比/标注照片/450,4457_LL.jpg",2018-06-16 09:56:51,admin
D:/Work/研究项目/公共数据库/青光眼CD比/标注照片/450,"D:/Work/研究项目/公共数据库/青光眼CD比/标注照片/450,4457_R.jpg",2018-06-16 09:56:51,admin
D:/Work/研究项目/公共数据库/青光眼CD比/标注照片/450,"D:/Work/研究项目/公共数据库/青光眼CD比/标注照片/450,45167_R.jpg",2018-06-16 09:56:51,admin
D:/Work/研究项目/公共数据库/青光眼CD比/标注照片/450,"D:/Work/研究项目/公共数据库/青光眼CD比/标注照片/450,4525_L.jpg",2018-06-16 09:56:51,admin
D:/Work/研究项目/公共数据库/青光眼CD比/标注照片/450,"D:/Work/研究项目/公共数据库/青光眼CD比/标注照片/450,45301_RR.jpg",2018-06-16 09:56:51,admin
D:/Work/研究项目/公共数据库/青光眼CD比/标注照片/450,"D:/Work/研究项目/公共数据库/青光眼CD比/标注照片/450,4532_R.jpg",2018-06-16 09:56:51,admin
D:/Work/研究项目/公共数据库/青光眼CD比/标注照片/450,"D:/Work/研究项目/公共数据库/青光眼CD比/标注照片/450,45494_RR.jpg",2018-06-16 09:56:51,admin
D:/Work/研究项目/公共数据库/青光眼CD比/标注照片/450,"D:/Work/研究项目/公共数据库/青光眼CD比/标注照片/450,46174_R.jpg",2018-06-16 09:56:51,admin
D:/Work/研究项目/公共数据库/青光眼CD比/标注照片/450,"D:/Work/研究项目/公共数据库/青光眼CD比/标注照片/450,46181_L.jpg",2018-06-16 09:56:51,admin
D:/Work/研究项目/公共数据库/青光眼CD比/标注照片/450,"D:/Work/研究项目/公共数据库/青光眼CD比/标注照片/450,4653_L.jpg",2018-06-16 09:56:51,admin
D:/Work/研究项目/公共数据库/青光眼CD比/标注照片/450,"D:/Work/研究项目/公共数据库/青光眼CD比/标注照片/450,4653_RR.jpg",2018-06-16 09:56:51,admin
D:/Work/研究项目/公共数据库/青光眼CD比/标注照片/450,"D:/Work/研究项目/公共数据库/青光眼CD比/标注照片/450,46803_L.jpg",2018-06-16 09:56:51,admin
D:/Work/研究项目/公共数据库/青光眼CD比/标注照片/450,"D:/Work/研究项目/公共数据库/青光眼CD比/标注照片/450,47144_L.jpg",2018-06-16 09:56:51,admin
D:/Work/研究项目/公共数据库/青光眼CD比/标注照片/450,"D:/Work/研究项目/公共数据库/青光眼CD比/标注照片/450,4723_L.jpg",2018-06-16 09:56:51,admin
D:/Work/研究项目/公共数据库/青光眼CD比/标注照片/450,"D:/Work/研究项目/公共数据库/青光眼CD比/标注照片/450,47253_LL.jpg",2018-06-16 09:56:51,admin
D:/Work/研究项目/公共数据库/青光眼CD比/标注照片/450,"D:/Work/研究项目/公共数据库/青光眼CD比/标注照片/450,47253_RR.jpg",2018-06-16 09:56:51,admin
D:/Work/研究项目/公共数据库/青光眼CD比/标注照片/450,"D:/Work/研究项目/公共数据库/青光眼CD比/标注照片/450,47929_R.jpg",2018-06-16 09:56:51,admin
D:/Work/研究项目/公共数据库/青光眼CD比/标注照片/450,"D:/Work/研究项目/公共数据库/青光眼CD比/标注照片/450,48317_RR.jpg",2018-06-16 09:56:51,admin
D:/Work/研究项目/公共数据库/青光眼CD比/标注照片/450,"D:/Work/研究项目/公共数据库/青光眼CD比/标注照片/450,48388_RR.jpg",2018-06-16 09:56:51,admin
D:/Work/研究项目/公共数据库/青光眼CD比/标注照片/450,"D:/Work/研究项目/公共数据库/青光眼CD比/标注照片/450,48479_RR.jpg",2018-06-16 09:56:51,admin
D:/Work/研究项目/公共数据库/青光眼CD比/标注照片/450,"D:/Work/研究项目/公共数据库/青光眼CD比/标注照片/450,486_R.jpg",2018-06-16 09:56:51,admin
D:/Work/研究项目/公共数据库/青光眼CD比/标注照片/450,"D:/Work/研究项目/公共数据库/青光眼CD比/标注照片/450,48699_LL.jpg",2018-06-16 09:56:51,admin
D:/Work/研究项目/公共数据库/青光眼CD比/标注照片/450,"D:/Work/研究项目/公共数据库/青光眼CD比/标注照片/450,48699_RR.jpg",2018-06-16 09:56:51,admin
D:/Work/研究项目/公共数据库/青光眼CD比/标注照片/450,"D:/Work/研究项目/公共数据库/青光眼CD比/标注照片/450,49101_L.jpg",2018-06-16 09:56:51,admin
D:/Work/研究项目/公共数据库/青光眼CD比/标注照片/450,"D:/Work/研究项目/公共数据库/青光眼CD比/标注照片/450,49101_R.jpg",2018-06-16 09:56:51,admin
D:/Work/研究项目/公共数据库/青光眼CD比/标注照片/450,"D:/Work/研究项目/公共数据库/青光眼CD比/标注照片/450,49135_L.jpg",2018-06-16 09:56:51,admin
D:/Work/研究项目/公共数据库/青光眼CD比/标注照片/450,"D:/Work/研究项目/公共数据库/青光眼CD比/标注照片/450,49135_R.jpg",2018-06-16 09:56:51,admin
D:/Work/研究项目/公共数据库/青光眼CD比/标注照片/450,"D:/Work/研究项目/公共数据库/青光眼CD比/标注照片/450,49343_L.jpg",2018-06-16 09:56:51,admin
D:/Work/研究项目/公共数据库/青光眼CD比/标注照片/450,"D:/Work/研究项目/公共数据库/青光眼CD比/标注照片/450,49343_R.jpg",2018-06-16 09:56:51,admin
D:/Work/研究项目/公共数据库/青光眼CD比/标注照片/450,"D:/Work/研究项目/公共数据库/青光眼CD比/标注照片/450,4961_L.jpg",2018-06-16 09:56:51,admin
D:/Work/研究项目/公共数据库/青光眼CD比/标注照片/450,"D:/Work/研究项目/公共数据库/青光眼CD比/标注照片/450,49701_LL.jpg",2018-06-16 09:56:51,admin
D:/Work/研究项目/公共数据库/青光眼CD比/标注照片/450,"D:/Work/研究项目/公共数据库/青光眼CD比/标注照片/450,4973_R.jpg",2018-06-16 09:56:51,admin
D:/Work/研究项目/公共数据库/青光眼CD比/标注照片/450,"D:/Work/研究项目/公共数据库/青光眼CD比/标注照片/450,49816_LL.jpg",2018-06-16 09:56:51,admin
D:/Work/研究项目/公共数据库/青光眼CD比/标注照片/450,"D:/Work/研究项目/公共数据库/青光眼CD比/标注照片/450,49851_RR.jpg",2018-06-16 09:56:51,admin
D:/Work/研究项目/公共数据库/青光眼CD比/标注照片/450,"D:/Work/研究项目/公共数据库/青光眼CD比/标注照片/450,502_L.jpg",2018-06-16 09:56:51,admin
D:/Work/研究项目/公共数据库/青光眼CD比/标注照片/450,"D:/Work/研究项目/公共数据库/青光眼CD比/标注照片/450,502_R.jpg",2018-06-16 09:56:51,admin
D:/Work/研究项目/公共数据库/青光眼CD比/标注照片/450,"D:/Work/研究项目/公共数据库/青光眼CD比/标注照片/450,50629_L.jpg",2018-06-16 09:56:51,admin
D:/Work/研究项目/公共数据库/青光眼CD比/标注照片/450,"D:/Work/研究项目/公共数据库/青光眼CD比/标注照片/450,507_L.jpg",2018-06-16 09:56:51,admin
D:/Work/研究项目/公共数据库/青光眼CD比/标注照片/450,"D:/Work/研究项目/公共数据库/青光眼CD比/标注照片/450,507_R.jpg",2018-06-16 09:56:51,admin
D:/Work/研究项目/公共数据库/青光眼CD比/标注照片/450,"D:/Work/研究项目/公共数据库/青光眼CD比/标注照片/450,50784_LL.jpg",2018-06-16 09:56:51,admin
D:/Work/研究项目/公共数据库/青光眼CD比/标注照片/450,"D:/Work/研究项目/公共数据库/青光眼CD比/标注照片/450,50789_L.jpg",2018-06-16 09:56:51,admin
D:/Work/研究项目/公共数据库/青光眼CD比/标注照片/450,"D:/Work/研究项目/公共数据库/青光眼CD比/标注照片/450,50789_R.jpg",2018-06-16 09:56:51,admin
D:/Work/研究项目/公共数据库/青光眼CD比/标注照片/450,"D:/Work/研究项目/公共数据库/青光眼CD比/标注照片/450,5084_L.jpg",2018-06-16 09:56:51,admin
D:/Work/研究项目/公共数据库/青光眼CD比/标注照片/450,"D:/Work/研究项目/公共数据库/青光眼CD比/标注照片/450,513_L.jpg",2018-06-16 09:56:51,admin
D:/Work/研究项目/公共数据库/青光眼CD比/标注照片/450,"D:/Work/研究项目/公共数据库/青光眼CD比/标注照片/450,513_R.jpg",2018-06-16 09:56:51,admin
D:/Work/研究项目/公共数据库/青光眼CD比/标注照片/450,"D:/Work/研究项目/公共数据库/青光眼CD比/标注照片/450,5154_L.jpg",2018-06-16 09:56:51,admin
D:/Work/研究项目/公共数据库/青光眼CD比/标注照片/450,"D:/Work/研究项目/公共数据库/青光眼CD比/标注照片/450,5154_R.jpg",2018-06-16 09:56:51,admin
D:/Work/研究项目/公共数据库/青光眼CD比/标注照片/450,"D:/Work/研究项目/公共数据库/青光眼CD比/标注照片/450,531_L.jpg",2018-06-16 09:56:51,admin
D:/Work/研究项目/公共数据库/青光眼CD比/标注照片/450,"D:/Work/研究项目/公共数据库/青光眼CD比/标注照片/450,531_RR.jpg",2018-06-16 09:56:51,admin
D:/Work/研究项目/公共数据库/青光眼CD比/标注照片/450,"D:/Work/研究项目/公共数据库/青光眼CD比/标注照片/450,54659_R.jpg",2018-06-16 09:56:51,admin
D:/Work/研究项目/公共数据库/青光眼CD比/标注照片/450,"D:/Work/研究项目/公共数据库/青光眼CD比/标注照片/450,547_L.jpg",2018-06-16 09:56:51,admin
D:/Work/研究项目/公共数据库/青光眼CD比/标注照片/450,"D:/Work/研究项目/公共数据库/青光眼CD比/标注照片/450,54989_LL.jpg",2018-06-16 09:56:51,admin
D:/Work/研究项目/公共数据库/青光眼CD比/标注照片/450,"D:/Work/研究项目/公共数据库/青光眼CD比/标注照片/450,5511_R.jpg",2018-06-16 09:56:51,admin
D:/Work/研究项目/公共数据库/青光眼CD比/标注照片/450,"D:/Work/研究项目/公共数据库/青光眼CD比/标注照片/450,5686_RR.jpg",2018-06-16 09:56:51,admin
D:/Work/研究项目/公共数据库/青光眼CD比/标注照片/450,"D:/Work/研究项目/公共数据库/青光眼CD比/标注照片/450,57239_RR.jpg",2018-06-16 09:56:51,admin
D:/Work/研究项目/公共数据库/青光眼CD比/标注照片/450,"D:/Work/研究项目/公共数据库/青光眼CD比/标注照片/450,5754_LL.jpg",2018-06-16 09:56:51,admin
D:/Work/研究项目/公共数据库/青光眼CD比/标注照片/450,"D:/Work/研究项目/公共数据库/青光眼CD比/标注照片/450,5754_RR.jpg",2018-06-16 09:56:51,admin
D:/Work/研究项目/公共数据库/青光眼CD比/标注照片/450,"D:/Work/研究项目/公共数据库/青光眼CD比/标注照片/450,5791_LL.jpg",2018-06-16 09:56:51,admin
D:/Work/研究项目/公共数据库/青光眼CD比/标注照片/450,"D:/Work/研究项目/公共数据库/青光眼CD比/标注照片/450,58899_RR.jpg",2018-06-16 09:56:51,admin
D:/Work/研究项目/公共数据库/青光眼CD比/标注照片/450,"D:/Work/研究项目/公共数据库/青光眼CD比/标注照片/450,5944_R.jpg",2018-06-16 09:56:51,admin
D:/Work/研究项目/公共数据库/青光眼CD比/标注照片/450,"D:/Work/研究项目/公共数据库/青光眼CD比/标注照片/450,6006_LL.jpg",2018-06-16 09:56:51,admin
D:/Work/研究项目/公共数据库/青光眼CD比/标注照片/450,"D:/Work/研究项目/公共数据库/青光眼CD比/标注照片/450,60673_L.jpg",2018-06-16 09:56:51,admin
D:/Work/研究项目/公共数据库/青光眼CD比/标注照片/450,"D:/Work/研究项目/公共数据库/青光眼CD比/标注照片/450,6358_LL.jpg",2018-06-16 09:56:51,admin
D:/Work/研究项目/公共数据库/青光眼CD比/标注照片/450,"D:/Work/研究项目/公共数据库/青光眼CD比/标注照片/450,6482_LL.jpg",2018-06-16 09:56:51,admin
D:/Work/研究项目/公共数据库/青光眼CD比/标注照片/450,"D:/Work/研究项目/公共数据库/青光眼CD比/标注照片/450,6482_RR.jpg",2018-06-16 09:56:51,admin
D:/Work/研究项目/公共数据库/青光眼CD比/标注照片/450,"D:/Work/研究项目/公共数据库/青光眼CD比/标注照片/450,6501_RR.jpg",2018-06-16 09:56:51,admin
D:/Work/研究项目/公共数据库/青光眼CD比/标注照片/450,"D:/Work/研究项目/公共数据库/青光眼CD比/标注照片/450,6505_L.jpg",2018-06-16 09:56:51,admin
D:/Work/研究项目/公共数据库/青光眼CD比/标注照片/450,"D:/Work/研究项目/公共数据库/青光眼CD比/标注照片/450,6505_R.jpg",2018-06-16 09:56:51,admin
D:/Work/研究项目/公共数据库/青光眼CD比/标注照片/450,"D:/Work/研究项目/公共数据库/青光眼CD比/标注照片/450,6584_RR.jpg",2018-06-16 09:56:51,admin
D:/Work/研究项目/公共数据库/青光眼CD比/标注照片/450,"D:/Work/研究项目/公共数据库/青光眼CD比/标注照片/450,671_R.jpg",2018-06-16 09:56:51,admin
D:/Work/研究项目/公共数据库/青光眼CD比/标注照片/450,"D:/Work/研究项目/公共数据库/青光眼CD比/标注照片/450,6790_LL.jpg",2018-06-16 09:56:51,admin
D:/Work/研究项目/公共数据库/青光眼CD比/标注照片/450,"D:/Work/研究项目/公共数据库/青光眼CD比/标注照片/450,6790_RR.jpg",2018-06-16 09:56:51,admin
D:/Work/研究项目/公共数据库/青光眼CD比/标注照片/450,"D:/Work/研究项目/公共数据库/青光眼CD比/标注照片/450,6793_R.jpg",2018-06-16 09:56:51,admin
D:/Work/研究项目/公共数据库/青光眼CD比/标注照片/450,"D:/Work/研究项目/公共数据库/青光眼CD比/标注照片/450,6906_L.jpg",2018-06-16 09:56:51,admin
D:/Work/研究项目/公共数据库/青光眼CD比/标注照片/450,"D:/Work/研究项目/公共数据库/青光眼CD比/标注照片/450,6906_RR.jpg",2018-06-16 09:56:51,admin
D:/Work/研究项目/公共数据库/青光眼CD比/标注照片/450,"D:/Work/研究项目/公共数据库/青光眼CD比/标注照片/450,6927_LL.jpg",2018-06-16 09:56:51,admin
D:/Work/研究项目/公共数据库/青光眼CD比/标注照片/450,"D:/Work/研究项目/公共数据库/青光眼CD比/标注照片/450,7060_L.jpg",2018-06-16 09:56:51,admin
D:/Work/研究项目/公共数据库/青光眼CD比/标注照片/450,"D:/Work/研究项目/公共数据库/青光眼CD比/标注照片/450,7060_R.jpg",2018-06-16 09:56:51,admin
D:/Work/研究项目/公共数据库/青光眼CD比/标注照片/450,"D:/Work/研究项目/公共数据库/青光眼CD比/标注照片/450,7169_R.jpg",2018-06-16 09:56:51,admin
D:/Work/研究项目/公共数据库/青光眼CD比/标注照片/450,"D:/Work/研究项目/公共数据库/青光眼CD比/标注照片/450,7282_L.jpg",2018-06-16 09:56:51,admin
D:/Work/研究项目/公共数据库/青光眼CD比/标注照片/450,"D:/Work/研究项目/公共数据库/青光眼CD比/标注照片/450,7408_L.jpg",2018-06-16 09:56:51,admin
D:/Work/研究项目/公共数据库/青光眼CD比/标注照片/450,"D:/Work/研究项目/公共数据库/青光眼CD比/标注照片/450,7408_R.jpg",2018-06-16 09:56:51,admin
D:/Work/研究项目/公共数据库/青光眼CD比/标注照片/450,"D:/Work/研究项目/公共数据库/青光眼CD比/标注照片/450,7410_L.jpg",2018-06-16 09:56:51,admin
D:/Work/研究项目/公共数据库/青光眼CD比/标注照片/450,"D:/Work/研究项目/公共数据库/青光眼CD比/标注照片/450,7410_R.jpg",2018-06-16 09:56:51,admin
D:/Work/研究项目/公共数据库/青光眼CD比/标注照片/450,"D:/Work/研究项目/公共数据库/青光眼CD比/标注照片/450,7476_L.jpg",2018-06-16 09:56:51,admin
D:/Work/研究项目/公共数据库/青光眼CD比/标注照片/450,"D:/Work/研究项目/公共数据库/青光眼CD比/标注照片/450,7476_R.jpg",2018-06-16 09:56:51,admin
D:/Work/研究项目/公共数据库/青光眼CD比/标注照片/450,"D:/Work/研究项目/公共数据库/青光眼CD比/标注照片/450,778_L.jpg",2018-06-16 09:56:51,admin
D:/Work/研究项目/公共数据库/青光眼CD比/标注照片/450,"D:/Work/研究项目/公共数据库/青光眼CD比/标注照片/450,778_R.jpg",2018-06-16 09:56:51,admin
D:/Work/研究项目/公共数据库/青光眼CD比/标注照片/450,"D:/Work/研究项目/公共数据库/青光眼CD比/标注照片/450,8018_RR.jpg",2018-06-16 09:56:51,admin
D:/Work/研究项目/公共数据库/青光眼CD比/标注照片/450,"D:/Work/研究项目/公共数据库/青光眼CD比/标注照片/450,8020_LLLL.jpg",2018-06-16 09:56:51,admin
D:/Work/研究项目/公共数据库/青光眼CD比/标注照片/450,"D:/Work/研究项目/公共数据库/青光眼CD比/标注照片/450,8020_RR.jpg",2018-06-16 09:56:51,admin
D:/Work/研究项目/公共数据库/青光眼CD比/标注照片/450,"D:/Work/研究项目/公共数据库/青光眼CD比/标注照片/450,8198_R.jpg",2018-06-16 09:56:51,admin
D:/Work/研究项目/公共数据库/青光眼CD比/标注照片/450,"D:/Work/研究项目/公共数据库/青光眼CD比/标注照片/450,8408_RR.jpg",2018-06-16 09:56:51,admin
D:/Work/研究项目/公共数据库/青光眼CD比/标注照片/450,"D:/Work/研究项目/公共数据库/青光眼CD比/标注照片/450,865_L.jpg",2018-06-16 09:56:51,admin
D:/Work/研究项目/公共数据库/青光眼CD比/标注照片/450,"D:/Work/研究项目/公共数据库/青光眼CD比/标注照片/450,8720_RR.jpg",2018-06-16 09:56:51,admin
D:/Work/研究项目/公共数据库/青光眼CD比/标注照片/450,"D:/Work/研究项目/公共数据库/青光眼CD比/标注照片/450,8721_L.jpg",2018-06-16 09:56:51,admin
D:/Work/研究项目/公共数据库/青光眼CD比/标注照片/450,"D:/Work/研究项目/公共数据库/青光眼CD比/标注照片/450,8934_R.jpg",2018-06-16 09:56:51,admin
D:/Work/研究项目/公共数据库/青光眼CD比/标注照片/450,"D:/Work/研究项目/公共数据库/青光眼CD比/标注照片/450,8975_L.jpg",2018-06-16 09:56:51,admin
D:/Work/研究项目/公共数据库/青光眼CD比/标注照片/450,"D:/Work/研究项目/公共数据库/青光眼CD比/标注照片/450,903_LL.jpg",2018-06-16 09:56:51,admin
D:/Work/研究项目/公共数据库/青光眼CD比/标注照片/450,"D:/Work/研究项目/公共数据库/青光眼CD比/标注照片/450,910_R.jpg",2018-06-16 09:56:51,admin
D:/Work/研究项目/公共数据库/青光眼CD比/标注照片/450,"D:/Work/研究项目/公共数据库/青光眼CD比/标注照片/450,911_L.jpg",2018-06-16 09:56:51,admin
D:/Work/研究项目/公共数据库/青光眼CD比/标注照片/450,"D:/Work/研究项目/公共数据库/青光眼CD比/标注照片/450,911_R.jpg",2018-06-16 09:56:51,admin
D:/Work/研究项目/公共数据库/青光眼CD比/标注照片/450,"D:/Work/研究项目/公共数据库/青光眼CD比/标注照片/450,913_L.jpg",2018-06-16 09:56:51,admin
D:/Work/研究项目/公共数据库/青光眼CD比/标注照片/450,"D:/Work/研究项目/公共数据库/青光眼CD比/标注照片/450,913_R.jpg",2018-06-16 09:56:51,admin
D:/Work/研究项目/公共数据库/青光眼CD比/标注照片/450,"D:/Work/研究项目/公共数据库/青光眼CD比/标注照片/450,9248_LL.jpg",2018-06-16 09:56:51,admin
D:/Work/研究项目/公共数据库/青光眼CD比/标注照片/450,"D:/Work/研究项目/公共数据库/青光眼CD比/标注照片/450,9248_R.jpg",2018-06-16 09:56:51,admin
D:/Work/研究项目/公共数据库/青光眼CD比/标注照片/450,"D:/Work/研究项目/公共数据库/青光眼CD比/标注照片/450,9437_LL.jpg",2018-06-16 09:56:51,admin
D:/Work/研究项目/公共数据库/青光眼CD比/标注照片/450,"D:/Work/研究项目/公共数据库/青光眼CD比/标注照片/450,9437_R.jpg",2018-06-16 09:56:51,admin
D:/Work/研究项目/公共数据库/青光眼CD比/标注照片/450,"D:/Work/研究项目/公共数据库/青光眼CD比/标注照片/450,9594_LL.jpg",2018-06-16 09:56:51,admin
D:/Work/研究项目/公共数据库/青光眼CD比/标注照片/450,"D:/Work/研究项目/公共数据库/青光眼CD比/标注照片/450,9656_R.jpg",2018-06-16 09:56:51,admin
D:/Work/研究项目/公共数据库/青光眼CD比/标注照片/450,"D:/Work/研究项目/公共数据库/青光眼CD比/标注照片/450,9668_L.jpg",2018-06-16 09:56:51,admin
D:/Work/研究项目/公共数据库/青光眼CD比/标注照片/450,"D:/Work/研究项目/公共数据库/青光眼CD比/标注照片/450,9668_R.jpg",2018-06-16 09:56:51,admin
